{"mean_base_reward": 0.507856195012845, "mean_reward_trend": 0.5213397156032222, "mean_task_success": 0.5172413793103449, "mean_mean_force": 0.5134269569918551, "mean_force_trend": 0.5070045058979961}